Workbook

Sheet Computation
A1: STOCK_CODE | B1: DESCRIPTION | C1: PRICE_PER_PCS | D1: PCS_1CS | E1: PCS_1IB | F1: inputPCS | G1: price_changed?
A2: 11330 | B2: =VLOOKUP(A2,LineItems!D:E,2,FALSE) -> 6+1 NESTEA LEMON 20G | C2: =F2 -> 112.505 | D2: =VLOOKUP(A2,data!A:D,4,FALSE) -> 1 | E2: =VLOOKUP(A2,data!A:E,5,FALSE) -> 1 | F2: =VLOOKUP(A2,LineItems!D:I,6,FALSE) / VLOOKUP(A2,LineItems!D:I,5,FALSE) -> 112.505 | G2: =IF((VLOOKUP(A2,data!A:C,3,FALSE)-F2)=0,"No Change","Price Changed") -> No Change
A3: 31711 | B3: =VLOOKUP(A3,LineItems!D:E,2,FALSE) -> Maggi Magic Sarap 8g 32+4 | C3: =F3 -> 153.116 | D3: =VLOOKUP(A3,data!A:D,4,FALSE) -> 1 | E3: =VLOOKUP(A3,data!A:E,5,FALSE) -> 1 | F3: =VLOOKUP(A3,LineItems!D:I,6,FALSE) / VLOOKUP(A3,LineItems!D:I,5,FALSE) -> 153.116 | G3: =IF((VLOOKUP(A3,data!A:C,3,FALSE)-F3)=0,"No Change","Price Changed") -> No Change
A4: 43564 | B4: =VLOOKUP(A4,LineItems!D:E,2,FALSE) -> Nescafe CreamyWhite TP 40g 5+1 | C4: =F4 -> 67.27 | D4: =VLOOKUP(A4,data!A:D,4,FALSE) -> 1 | E4: =VLOOKUP(A4,data!A:E,5,FALSE) -> 1 | F4: =VLOOKUP(A4,LineItems!D:I,6,FALSE) / VLOOKUP(A4,LineItems!D:I,5,FALSE) -> 67.27 | G4: =IF((VLOOKUP(A4,data!A:C,3,FALSE)-F4)=0,"No Change","Price Changed") -> No Change
A5: 12436421 | B5: =VLOOKUP(A5,LineItems!D:E,2,FALSE) -> BEARBRAND PMD 192x33g PH | C5: =F5 -> 10.7475 | D5: =VLOOKUP(A5,data!A:D,4,FALSE) -> 192 | E5: =VLOOKUP(A5,data!A:E,5,FALSE) -> 8 | F5: =VLOOKUP(A5,LineItems!D:I,6,FALSE) / VLOOKUP(A5,LineItems!D:I,5,FALSE) -> 10.7475 | G5: =IF((VLOOKUP(A5,data!A:C,3,FALSE)-F5)=0,"No Change","Price Changed") -> No Change
A6: 12452538 | B6: =VLOOKUP(A6,LineItems!D:E,2,FALSE) -> NESTLE MILO RTD 60x110ml N2 PH | C6: =F6 -> 14.773 | D6: =VLOOKUP(A6,data!A:D,4,FALSE) -> 60 | E6: =VLOOKUP(A6,data!A:E,5,FALSE) -> 1 | F6: =VLOOKUP(A6,LineItems!D:I,6,FALSE) / VLOOKUP(A6,LineItems!D:I,5,FALSE) -> 14.773 | G6: =IF((VLOOKUP(A6,data!A:C,3,FALSE)-F6)=0,"No Change","Price Changed") -> No Change
A7: 12454174 | B7: =VLOOKUP(A7,LineItems!D:E,2,FALSE) -> MILO RTD PAPStraw 32x180ml | C7: =F7 -> 23.401 | D7: =VLOOKUP(A7,data!A:D,4,FALSE) -> 32 | E7: =VLOOKUP(A7,data!A:E,5,FALSE) -> 1 | F7: =VLOOKUP(A7,LineItems!D:I,6,FALSE) / VLOOKUP(A7,LineItems!D:I,5,FALSE) -> 23.401 | G7: =IF((VLOOKUP(A7,data!A:C,3,FALSE)-F7)=0,"No Change","Price Changed") -> No Change
A8: 12455866 | B8: =VLOOKUP(A8,LineItems!D:E,2,FALSE) -> FRESH MILK NZ PRSM 24x250mL | C8: =F8 -> 36.646667 | D8: =VLOOKUP(A8,data!A:D,4,FALSE) -> 24 | E8: =VLOOKUP(A8,data!A:E,5,FALSE) -> 1 | F8: =VLOOKUP(A8,LineItems!D:I,6,FALSE) / VLOOKUP(A8,LineItems!D:I,5,FALSE) -> 36.646667 | G8: =IF((VLOOKUP(A8,data!A:C,3,FALSE)-F8)=0,"No Change","Price Changed") -> No Change
A9: 12458241 | B9: =VLOOKUP(A9,LineItems!D:E,2,FALSE) -> BB Ster W GinkgoBiloba32x200ml | C9: =F9 -> 26.732 | D9: =VLOOKUP(A9,data!A:D,4,FALSE) -> 32 | E9: =VLOOKUP(A9,data!A:E,5,FALSE) -> 1 | F9: =VLOOKUP(A9,LineItems!D:I,6,FALSE) / VLOOKUP(A9,LineItems!D:I,5,FALSE) -> 26.732 | G9: =IF((VLOOKUP(A9,data!A:C,3,FALSE)-F9)=0,"No Change","Price Changed") -> No Change
A10: 12473150 | B10: =VLOOKUP(A10,LineItems!D:E,2,FALSE) -> MILORTD6(10x110ml)Php15Off | C10: =F10 -> 133.605 | D10: =VLOOKUP(A10,data!A:D,4,FALSE) -> 6 | E10: =VLOOKUP(A10,data!A:E,5,FALSE) -> 1 | F10: =VLOOKUP(A10,LineItems!D:I,6,FALSE) / VLOOKUP(A10,LineItems!D:I,5,FALSE) -> 133.605 | G10: =IF((VLOOKUP(A10,data!A:C,3,FALSE)-F10)=0,"No Change","Price Changed") -> No Change
A11: 12520698 | B11: =VLOOKUP(A11,LineItems!D:E,2,FALSE) -> MAGGI Oyster Sauce 12(12x30g) | C11: =F11 -> 6.4329167 | D11: =VLOOKUP(A11,data!A:D,4,FALSE) -> 144 | E11: =VLOOKUP(A11,data!A:E,5,FALSE) -> 12 | F11: =VLOOKUP(A11,LineItems!D:I,6,FALSE) / VLOOKUP(A11,LineItems!D:I,5,FALSE) -> 6.4329167 | G11: =IF((VLOOKUP(A11,data!A:C,3,FALSE)-F11)=0,"No Change","Price Changed") -> No Change
A12: 12528208 | B12: =VLOOKUP(A12,LineItems!D:E,2,FALSE) -> BEARBRAND PMD 72x135g PH | C12: =F12 -> 43.285833 | D12: =VLOOKUP(A12,data!A:D,4,FALSE) -> 72 | E12: =VLOOKUP(A12,data!A:E,5,FALSE) -> 4 | F12: =VLOOKUP(A12,LineItems!D:I,6,FALSE) / VLOOKUP(A12,LineItems!D:I,5,FALSE) -> 43.285833 | G12: =IF((VLOOKUP(A12,data!A:C,3,FALSE)-F12)=0,"No Change","Price Changed") -> No Change
A13: 12528213 | B13: =VLOOKUP(A13,LineItems!D:E,2,FALSE) -> BEARBRAND PMD 14x680g PH | C13: =F13 -> 239.51 | D13: =VLOOKUP(A13,data!A:D,4,FALSE) -> 14 | E13: =VLOOKUP(A13,data!A:E,5,FALSE) -> 1 | F13: =VLOOKUP(A13,LineItems!D:I,6,FALSE) / VLOOKUP(A13,LineItems!D:I,5,FALSE) -> 239.51 | G13: =IF((VLOOKUP(A13,data!A:C,3,FALSE)-F13)=0,"No Change","Price Changed") -> No Change
... A59: 14471625 | B59: =VLOOKUP(A59,LineItems!D:E,2,FALSE) -> NESTEA Apple P99 Pack | C59: =F59 -> 95.2 | D59: =VLOOKUP(A59,data!A:D,4,FALSE) -> 24 | E59: =VLOOKUP(A59,data!A:E,5,FALSE) -> 1 | F59: =VLOOKUP(A59,LineItems!D:I,6,FALSE) / VLOOKUP(A59,LineItems!D:I,5,FALSE) -> 95.2 | G59: =IF((VLOOKUP(A59,data!A:C,3,FALSE)-F59)=0,"No Change","Price Changed") -> No Change
B60: =VLOOKUP(A60,LineItems!D:E,2,FALSE) -> #N/A | C60: =F60 -> #N/A | D60: =VLOOKUP(A60,data!A:D,4,FALSE) -> #N/A | E60: =VLOOKUP(A60,data!A:E,5,FALSE) -> #N/A | F60: =VLOOKUP(A60,LineItems!D:I,6,FALSE) / VLOOKUP(A60,LineItems!D:I,5,FALSE) -> #N/A | G60: =IF((VLOOKUP(A60,data!A:C,3,FALSE)-F60)=0,"No Change","Price Changed") -> #N/A
B61: =VLOOKUP(A61,LineItems!D:E,2,FALSE) -> #N/A | C61: =F61 -> #N/A | D61: =VLOOKUP(A61,data!A:D,4,FALSE) -> #N/A | E61: =VLOOKUP(A61,data!A:E,5,FALSE) -> #N/A | F61: =VLOOKUP(A61,LineItems!D:I,6,FALSE) / VLOOKUP(A61,LineItems!D:I,5,FALSE) -> #N/A | G61: =IF((VLOOKUP(A61,data!A:C,3,FALSE)-F61)=0,"No Change","Price Changed") -> #N/A
B62: =VLOOKUP(A62,LineItems!D:E,2,FALSE) -> #N/A | C62: =F62 -> #N/A | D62: =VLOOKUP(A62,data!A:D,4,FALSE) -> #N/A | E62: =VLOOKUP(A62,data!A:E,5,FALSE) -> #N/A | F62: =VLOOKUP(A62,LineItems!D:I,6,FALSE) / VLOOKUP(A62,LineItems!D:I,5,FALSE) -> #N/A | G62: =IF((VLOOKUP(A62,data!A:C,3,FALSE)-F62)=0,"No Change","Price Changed") -> #N/A
B63: =VLOOKUP(A63,LineItems!D:E,2,FALSE) -> #N/A | C63: =F63 -> #N/A | D63: =VLOOKUP(A63,data!A:D,4,FALSE) -> #N/A | E63: =VLOOKUP(A63,data!A:E,5,FALSE) -> #N/A | F63: =VLOOKUP(A63,LineItems!D:I,6,FALSE) / VLOOKUP(A63,LineItems!D:I,5,FALSE) -> #N/A | G63: =IF((VLOOKUP(A63,data!A:C,3,FALSE)-F63)=0,"No Change","Price Changed") -> #N/A
B64: =VLOOKUP(A64,LineItems!D:E,2,FALSE) -> #N/A | C64: =F64 -> #N/A | D64: =VLOOKUP(A64,data!A:D,4,FALSE) -> #N/A | E64: =VLOOKUP(A64,data!A:E,5,FALSE) -> #N/A | F64: =VLOOKUP(A64,LineItems!D:I,6,FALSE) / VLOOKUP(A64,LineItems!D:I,5,FALSE) -> #N/A | G64: =IF((VLOOKUP(A64,data!A:C,3,FALSE)-F64)=0,"No Change","Price Changed") -> #N/A
B65: =VLOOKUP(A65,LineItems!D:E,2,FALSE) -> #N/A | C65: =F65 -> #N/A | D65: =VLOOKUP(A65,data!A:D,4,FALSE) -> #N/A | E65: =VLOOKUP(A65,data!A:E,5,FALSE) -> #N/A | F65: =VLOOKUP(A65,LineItems!D:I,6,FALSE) / VLOOKUP(A65,LineItems!D:I,5,FALSE) -> #N/A | G65: =IF((VLOOKUP(A65,data!A:C,3,FALSE)-F65)=0,"No Change","Price Changed") -> #N/A
B66: =VLOOKUP(A66,LineItems!D:E,2,FALSE) -> #N/A | C66: =F66 -> #N/A | D66: =VLOOKUP(A66,data!A:D,4,FALSE) -> #N/A | E66: =VLOOKUP(A66,data!A:E,5,FALSE) -> #N/A | F66: =VLOOKUP(A66,LineItems!D:I,6,FALSE) / VLOOKUP(A66,LineItems!D:I,5,FALSE) -> #N/A | G66: =IF((VLOOKUP(A66,data!A:C,3,FALSE)-F66)=0,"No Change","Price Changed") -> #N/A
B67: =VLOOKUP(A67,LineItems!D:E,2,FALSE) -> #N/A | C67: =F67 -> #N/A | D67: =VLOOKUP(A67,data!A:D,4,FALSE) -> #N/A | E67: =VLOOKUP(A67,data!A:E,5,FALSE) -> #N/A | F67: =VLOOKUP(A67,LineItems!D:I,6,FALSE) / VLOOKUP(A67,LineItems!D:I,5,FALSE) -> #N/A | G67: =IF((VLOOKUP(A67,data!A:C,3,FALSE)-F67)=0,"No Change","Price Changed") -> #N/A
B68: =VLOOKUP(A68,LineItems!D:E,2,FALSE) -> #N/A | C68: =F68 -> #N/A | D68: =VLOOKUP(A68,data!A:D,4,FALSE) -> #N/A | E68: =VLOOKUP(A68,data!A:E,5,FALSE) -> #N/A | F68: =VLOOKUP(A68,LineItems!D:I,6,FALSE) / VLOOKUP(A68,LineItems!D:I,5,FALSE) -> #N/A | G68: =IF((VLOOKUP(A68,data!A:C,3,FALSE)-F68)=0,"No Change","Price Changed") -> #N/A
B69: =VLOOKUP(A69,LineItems!D:E,2,FALSE) -> #N/A | C69: =F69 -> #N/A | D69: =VLOOKUP(A69,data!A:D,4,FALSE) -> #N/A | E69: =VLOOKUP(A69,data!A:E,5,FALSE) -> #N/A | F69: =VLOOKUP(A69,LineItems!D:I,6,FALSE) / VLOOKUP(A69,LineItems!D:I,5,FALSE) -> #N/A | G69: =IF((VLOOKUP(A69,data!A:C,3,FALSE)-F69)=0,"No Change","Price Changed") -> #N/A
B70: =VLOOKUP(A70,LineItems!D:E,2,FALSE) -> #N/A | C70: =F70 -> #N/A | D70: =VLOOKUP(A70,data!A:D,4,FALSE) -> #N/A | E70: =VLOOKUP(A70,data!A:E,5,FALSE) -> #N/A | F70: =VLOOKUP(A70,LineItems!D:I,6,FALSE) / VLOOKUP(A70,LineItems!D:I,5,FALSE) -> #N/A | G70: =IF((VLOOKUP(A70,data!A:C,3,FALSE)-F70)=0,"No Change","Price Changed") -> #N/A
B71: =VLOOKUP(A71,LineItems!D:E,2,FALSE) -> #N/A | C71: =F71 -> #N/A | D71: =VLOOKUP(A71,data!A:D,4,FALSE) -> #N/A | E71: =VLOOKUP(A71,data!A:E,5,FALSE) -> #N/A | F71: =VLOOKUP(A71,LineItems!D:I,6,FALSE) / VLOOKUP(A71,LineItems!D:I,5,FALSE) -> #N/A | G71: =IF((VLOOKUP(A71,data!A:C,3,FALSE)-F71)=0,"No Change","Price Changed") -> #N/A
... B494: =VLOOKUP(A494,LineItems!D:E,2,FALSE) -> #N/A | C494: =F494 -> #N/A | D494: =VLOOKUP(A494,data!A:D,4,FALSE) -> #N/A | E494: =VLOOKUP(A494,data!A:E,5,FALSE) -> #N/A | F494: =VLOOKUP(A494,LineItems!D:I,6,FALSE) / VLOOKUP(A494,LineItems!D:I,5,FALSE) -> #N/A | G494: =IF((VLOOKUP(A494,data!A:C,3,FALSE)-F494)=0,"No Change","Price Changed") -> #N/A

Sheet LineItems
A1: Invoice Code | B1: Outlet Code | C1: Outlet Name | D1: Sku Code | E1: Sku Name | F1: Sku Fulfillment Type | G1: Batch No. | H1: ProductQuantity | I1: InvoiceValue | J1: Salesman Code | K1: Channel | L1: Vehicle | M1: Plan Type | N1: Cases & Pcs | O1: Partial cases | P1: Loose Pieces | Q1: Full Cases
A2: D001939416 | B2: N490042 | C2: JET STORE | D2: 43564 | E2: Nescafe CreamyWhite TP 40g 5+1 | F2: NORMAL | H2: 1 | I2: 67.27 | J2: N44 | K2: BTDT Salesman | L2: BTDT DYNAMIC-V1 | M2: Normal | N2: 1 | O2: 0 | P2: 0 | Q2: 1
A3: D001939416 | B3: N490042 | C3: JET STORE | D3: 12613402 | E3: NESCAFE CLSSCSticks 21(48x1.9g | F3: NORMAL | H3: 6 | I3: 18.32 | J3: N44 | K3: BTDT Salesman | L3: BTDT DYNAMIC-V1 | M3: Normal | N3: 0.01 | O3: 0.01 | P3: 6 | Q3: 0
A4: D001939416 | B4: N490042 | C4: JET STORE | D4: 12605994 | E4: NESTEA Apple 144x19g PH | F4: NORMAL | H4: 2 | I4: 37.5 | J4: N44 | K4: BTDT Salesman | L4: BTDT DYNAMIC-V1 | M4: Normal | N4: 0.01 | O4: 0.01 | P4: 2 | Q4: 0
A5: D001939416 | B5: N490042 | C5: JET STORE | D5: 12436421 | E5: BEARBRAND PMD 192x33g PH | F5: NORMAL | H5: 4 | I5: 42.99 | J5: N44 | K5: BTDT Salesman | L5: BTDT DYNAMIC-V1 | M5: Normal | N5: 0.02 | O5: 0.02 | P5: 4 | Q5: 0
A6: D001939416 | B6: N490042 | C6: JET STORE | D6: 12604377 | E6: NESCAFE Original TP 200x40g | F6: NORMAL | H6: 5 | I6: 67.27 | J6: N44 | K6: BTDT Salesman | L6: BTDT DYNAMIC-V1 | M6: Normal | N6: 0.03 | O6: 0.03 | P6: 5 | Q6: 0
A7: D001939416 | B7: N490042 | C7: JET STORE | D7: 12560070 | E7: MMS 60(16x8g) N1 PH | F7: NORMAL | H7: 8 | I7: 38.28 | J7: N44 | K7: BTDT Salesman | L7: BTDT DYNAMIC-V1 | M7: Normal | N7: 0.01 | O7: 0.01 | P7: 8 | Q7: 0
A8: D001940067 | B8: 9FW0306 | C8: MARICEL STORE | D8: 12613402 | E8: NESCAFE CLSSCSticks 21(48x1.9g | F8: NORMAL | H8: 6 | I8: 18.32 | J8: N44 | K8: BTDT Salesman | L8: BTDT DYNAMIC-V1 | M8: Normal | N8: 0.01 | O8: 0.01 | P8: 6 | Q8: 0
A9: D001940067 | B9: 9FW0306 | C9: MARICEL STORE | D9: 12605969 | E9: NESTEA Lemon 144x19g PH | F9: NORMAL | H9: 2 | I9: 37.5 | J9: N44 | K9: BTDT Salesman | L9: BTDT DYNAMIC-V1 | M9: Normal | N9: 0.01 | O9: 0.01 | P9: 2 | Q9: 0
A10: D001940067 | B10: 9FW0306 | C10: MARICEL STORE | D10: 12436421 | E10: BEARBRAND PMD 192x33g PH | F10: NORMAL | H10: 4 | I10: 42.99 | J10: N44 | K10: BTDT Salesman | L10: BTDT DYNAMIC-V1 | M10: Normal | N10: 0.02 | O10: 0.02 | P10: 4 | Q10: 0
A11: D001940067 | B11: 9FW0306 | C11: MARICEL STORE | D11: 12604377 | E11: NESCAFE Original TP 200x40g | F11: NORMAL | H11: 5 | I11: 67.27 | J11: N44 | K11: BTDT Salesman | L11: BTDT DYNAMIC-V1 | M11: Normal | N11: 0.03 | O11: 0.03 | P11: 5 | Q11: 0
A12: D001940067 | B12: 9FW0306 | C12: MARICEL STORE | D12: 12575127 | E12: MILO MILK DRINK L 504x24g PH | F12: NORMAL | H12: 12 | I12: 103.97 | J12: N44 | K12: BTDT Salesman | L12: BTDT DYNAMIC-V1 | M12: Normal | N12: 0.02 | O12: 0.02 | P12: 12 | Q12: 0
A13: D001940067 | B13: 9FW0306 | C13: MARICEL STORE | D13: 12560070 | E13: MMS 60(16x8g) N1 PH | F13: NORMAL | H13: 8 | I13: 38.28 | J13: N44 | K13: BTDT Salesman | L13: BTDT DYNAMIC-V1 | M13: Normal | N13: 0.01 | O13: 0.01 | P13: 8 | Q13: 0
... A729: D001939824 | B729: 9FW3431 | C729: MELISA STORE | D729: 12560070 | E729: MMS 60(16x8g) N1 PH | F729: NORMAL | H729: 8 | I729: 38.28 | J729: N49 | K729: BTDT Salesman | L729: BTDT DYNAMIC-V2 | M729: Normal | N729: 0.01 | O729: 0.01 | P729: 8 | Q729: 0

Sheet data
A1: STOCK_CODE | B1: DESCRIPTION | C1: PRICE_PER_PCS | D1: PCS_1CS | E1: PCS_1IB
A2: 12613095 | B2: CHUCKIE PaperStraw 24x250ml | C2: 31.758333 | D2: 24 | E2: 1
A3: 12560070 | B3: MMS 60(16x8g) N1 PH | C3: 4.785 | D3: 960 | E3: 16
A4: 12601664 | B4: NESC GOLD Intense 80(10x2g) | C4: 75.97 | D4: 80 | E4: 1
A5: 12619308 | B5: NESCAFECLASSIC60x20gPRPriceOff | C5: 22.918 | D5: 60 | E5: 1
A6: 12530671 | B6: S-26 PROMIL THREE 2x2.4kg PH | C6: 2473.08 | D6: 2 | E6: 1
A7: 12520698 | B7: MAGGI Oyster Sauce 12(12x30g) | C7: 6.4329167 | D7: 144 | E7: 12
A8: 12575024 | B8: Bonna 0-6 Months 18x350g PH | C8: 258.48417 | D8: 18 | E8: 1
A9: 43563 | B9: Nescafe Original Twin Pack 5+1 | C9: 67.265 | D9: 1 | E9: 1
A10: 12562976 | B10: NESCOrglTPSgrFree 100(2x11.5g) | C10: 13.341 | D10: 100 | E10: 1
A11: 12575055 | B11: Bonna 0-6 Months 24x150g PH | C11: 119.66667 | D11: 24 | E11: 1
A12: 12612587 | B12: NIDO 3+ PHANFB071 BIB 20x370g | C12: 250.13333 | D12: 20 | E12: 1
A13: 60448 | B13: 3 KK 15g, Get 1 Free KK 15g | C13: 17.885 | D13: 1 | E13: 1
... A131: 14471625 | B131: NESTEA Apple P99 Pack | C131: 95.2 | D131: 24 | E131: 1
